Company Name,Category,Bhavin Suggestion,Last updated,Last Fiscal updated,Last financial update till...,"Model type 
. ",Average Daily Trans. value,,,,Buy Below,Buy/Sell,Target Price,Our Industry Classification,Industry (From Ace),Analyst,NSE Code,Code,CMP,Market Cap,Target Price,Annualised Return,Target Date,Rf,Beta,Ke,High Growth years
Hindustan oil Exploration,A,,10/6/2020,FY20,1Q21,C,4.05515665,4,0.06,0.2065,63.91240791,HOLD,101.4817859,,Oil Exploration,Chintan,NSE:HINDOILEXP,BOM:500186,69.85,923.0642373,101.4817859,0.1604726496,3/31/2023,0.0625,1.4,0.1465,5
Jamna Auto Ind. ltd,AA,,2/16/2020,FY20,4Q20,C,9.190019558,3,0.04,0.1745,44.40922718,HOLD,65.99669137,Automobile & Ancillaries,Auto ancillaries,Nirmal,NSE:JAMNAAUTO,BOM:520051,44.3,1771.171177,65.99669137,0.1737834972,3/31/2023,0.0625,1.2,0.1345,5
Great Eastern Shipping,AA,,10/6/2020,FY20,1Q21,C,7.960265797,3,0.04,0.1865,252.3524716,BUY,384.5298247,,Logistics,Chintan,NSE:GESHIP,BOM:500620,215,3156.838317,384.5298247,0.2588155253,3/31/2023,0.0625,1.4,0.1465,8
Heidelberg Cement India Ltd.,AA,Chintan,10/6/2020,FY20,1Q21,S,8.035164687,3,0.04,0.1625,184.994133,HOLD,268.0536439,,,Chintan,NSE:HEIDELBERG,BOM:500292,187,4241.10764,268.0536439,0.1604477726,3/31/2023,0.0625,1,0.1225,5
Mayur Uniquoters,AA,,10/6/2020,FY20,1Q21,S,3.320320422,4,0.06,0.1825,266.5031294,BUY,402.7286639,,Miscellaneous,Chintan,NSE:MAYURUNIQ,BOM:522249,240.6,1092.891363,402.7286639,0.2297592537,3/31/2023,0.0625,1,0.1225,10
Nesco,AA,,10/6/2020,FY20,1Q21,C,9.946691407,3,0.04,0.1625,643.8802757,BUY,932.972583,,Real Estate,Chintan,NSE:NESCO,BOM:505355,528,3734.37788,932.972583,0.2576643038,3/31/2023,0.0625,1,0.1225,14
RITES,AA,,10/6/2020,FY20,1Q21,C,13.84250232,2,0.02,0.1425,246.5872189,BUY,342.3506818,,Consultancy - Infra,Chintan,NSE:RITES,BOM:541556,239.05,5971.280227,342.3506818,0.1568390974,3/31/2023,0.0625,1,0.1225,5
Thangamayil Jewellery,AA,,7/29/2020,FY19,1Q21,S,3.328666958,4,0.06,0.1945,369.2658636,HOLD,478.920649,,Jewellery,Chitrangda,NSE:THANGAMAYL,BOM:533158,385.9,528.9585242,478.920649,0.1490114696,3/31/2022,0.0625,1.2,0.1345,4
Vaibhav Global,AA,E,10/6/2020,FY20,4Q20,C,3.790074736,4,0.06,0.1825,1489.16648,HOLD,2250.367672,,Retailing,Chintan,NSE:VAIBHAVGBL,BOM:532156,1860,6015.18048,2250.367672,0.08029772267,3/31/2023,0.0625,1,0.1225,15
Mastek,AAA,,6/15/2020,FY20,4Q20,C,25.43919555,2,0.02,0.1665,547.6529648,SELL,800.2827977,,IT-Software,Nirmal,NSE:MASTEK,BOM:523704,885,2173.37946,800.2827977,-0.03776442492,3/31/2023,0.0625,1.4,0.1465,5
Gujarat Ambuja Exports,AAA,,10/6/2020,FY20,1Q21,S,1.732615261,5,0.08,0.2145,92.86853475,HOLD,149.8790181,,Solvent Extraction,Chintan,NSE:GAEL,BOM:524226,117.9,2706.215327,149.8790181,0.1065727716,3/31/2023,0.0625,1.2,0.1345,20
Interglobe Aviation,AAA,,2/14/2020,FY20,1Q21,S,332.5547248,1,0,0.1465,1560.492803,BUY,1906.017271,,Airlines,Chintan,NSE:INDIGO,BOM:539448,1361.2,52403.13542,1906.017271,0.1726861628,3/31/2022,0.0625,1.4,0.1465,25
Wipro,AAA,,7/14/2020,FY20,1Q21,C,586.2237089,1,0,0.1045,315.5226493,SELL,403.0401391,,,Nirmal,NSE:WIPRO,BOM:507685,375.75,213871.4516,403.0401391,0.02469799495,3/31/2023,0.0625,0.7,0.1045,20
Mphasis,AAA,,6/25/2020,FY20,1Q21,C,67.29056288,1,0,0.1165,1114.255288,SELL,1461.71063,,,Nirmal,NSE:MPHASIS,BOM:526299,1412.55,26450.42343,1461.71063,0.01473807733,3/31/2023,0.0625,0.9,0.1165,5
Infosys,AAA,,7/15/2020,FY20,1Q21,C,1153.671253,1,0,0.1045,841.5492873,SELL,1074.972407,,IT-Software,Nirmal,NSE:INFY,BOM:500209,1158,491090.8932,1074.972407,-0.03039013676,3/31/2023,0.0625,0.7,0.1045,20
Polycab India,AAA,,10/6/2020,FY20,1Q21,C,19.96809117,2,0.02,0.14,810.384854,BUY,981.621117,,Cables & FMEG,Chintan,NSE:POLYCAB,BOM:542652,807.5,12026.11365,981.621117,0.141920362,3/31/2022,0.06,1,0.12,15
PSP Projects,AAA,,10/6/2020,FY20,1Q21,C,1.238135969,5,0.08,0.2145,385.0655032,HOLD,621.4509541,,Construction,Chintan,NSE:PSPPROJECT,BOM:540544,391.5,1411.2,621.4509541,0.2029125119,3/31/2023,0.0625,1.2,0.1345,5
Cupid,B,,4/3/2020,FY19,3Q20,S,3.246372078,4,0.06,0.2065,210.8654993,BUY,277.5115887,,Rubber Products,Chitrangda,NSE:CUPID,BOM:530843,211.1,280.7649,277.5115887,0.2069723863,3/31/2022,0.0625,1.4,0.1465,5
ADF Foods Ltd,B,,5/23/2020,FY20,4Q20,C,4.954999585,4,0.06,0.192,305.8392585,SELL,395.4453186,,,Chitrangda,NSE:ADFFOODS,BOM:519183,413,828.648156,395.4453186,-0.03078006274,3/31/2022,0.06,1.2,0.132,10
Alkyl Amines Ltd,B,,2/27/2020,FY19,3Q20,S,15.23348428,2,0.02,0.14,2313.761453,SELL,2802.664796,,Chemicals,pallavi,NSE:ALKYLAMINE,BOM:506767,3097.3,6315.893465,2802.664796,-0.06561654305,3/31/2022,0.06,1,0.12,15
Atul Ltd,B,,2/9/2020,FY19,3Q20,C,34.31618988,2,0.02,0.14,5405.03646,HOLD,6547.133626,,Chemicals,pallavi,NSE:ATUL,BOM:500027,5951,17655.76006,6547.133626,0.06725706211,3/31/2022,0.06,1,0.12,25
TCS,B,,10/7/2020,FY20,2Q21,C,1220.027745,1,0,0.1045,1948.301148,SELL,2488.707443,,,Nirmal,NSE:TCS,BOM:532540,2825.65,1059843.07,2488.707443,-0.05083400525,3/31/2023,0.0625,0.7,0.1045,20
Vinati Organics Ltd.,B,,3/18/2020,FY19,3Q20,S,26.46206861,2,0.02,0.1425,1046.600986,SELL,1271.819752,,,Naresh,NSE:VINATIORGA,BOM:524200,1289.9,13251.7621,1271.819752,-0.01327820733,3/31/2022,0.0625,1,0.1225,15
Sinclairs Hotels Ltd.,B,,4/3/2020,FY19,3Q20,S,0.1912628353,5,0.08,#REF!,#REF!,#REF!,#REF!,,Hospitality,Aakriti,BOM:523023,BOM:523023,38.3,106.6654978,#REF!,#REF!,3/31/2022,#REF!,1.4,#REF!,5
Chamanlal Setia Exports,B,,4/3/2020,FY19,3Q20,S,0.8362098723,5,0.08,#REF!,#REF!,#REF!,#REF!,,Consumer (Rice),Aakriti,BOM:530307,BOM:530307,92.75,479.8285835,#REF!,#REF!,3/31/2022,#REF!,1.4,#REF!,5
Dixon Technologies,B,,2/8/2020,FY19,3Q20,C,70.73933105,1,0,#REF!,#REF!,#REF!,#REF!,,Consumer Electronics,Naresh,NSE:DIXON,BOM:540699,9033.25,10453.69243,#REF!,#REF!,3/31/2022,#REF!,1,#REF!,15
Escorts,B,,7/27/2020,FY20,1Q21,C,299.1894129,1,0,0.132,747.3947323,SELL,896.0414345,,Auto-Tractors,Nirmal,NSE:ESCORTS,BOM:500495,1240.9,16331.64654,896.0414345,-0.198691364,3/31/2022,0.06,1.2,0.132,15
Gujarat Pipavav Port,B,,4/5/2020,FY19,3Q20,S,3.139391249,4,0.06,0.18,64.18579297,SELL,81.77174626,,Ports,Chintan,NSE:GPPL,BOM:533248,83.5,4048.70792,81.77174626,-0.02448863844,3/31/2022,0.06,1,0.12,28
IRCON,B,,4/3/2020,FY19,3Q20,C,11.61158004,2,0.02,0.1425,177.7522526,BUY,216.0028786,,Construction,Chintan,NSE:IRCON,BOM:541956,74.25,3489.312732,216.0028786,0.7961574097,3/31/2022,0.0625,1,0.1225,5
Tata Steel,B,,,,,,592.2352936,,,,,,,,,,NSE:TATASTEEL,BOM:500470,,,,,,,,,
AIA Engineering,B,,9/24/2018,FY18,1Q19,C,8.965813942,3,0.04,0.16,1262.239725,SELL,1568.356417,,Engineering - Industrial Equipments,Chintan,NSE:AIAENG,BOM:532683,1790,16493.80264,1568.356417,-0.01530988088,3/31/2022,0.06,1,0.12,20
Amber Enterprises,B,,2/18/2020,FY19,3Q20,C,12.21665127,2,0.02,0.1425,1099.021641,SELL,1335.520843,,Consumer Durables,Naresh,NSE:AMBER,BOM:540902,1991,6705.72399,1335.520843,-0.232179952,3/31/2022,0.0625,1,0.1225,15
Ambika Cotton,B,,11/10/2018,FY18,2Q19,S,0.2642421441,5,0.08,0.2113,1246.313744,BUY,1361.990474,,Textile - Spinning,Chintan,NSE:AMBIKCO,BOM:531978,719,411.3978514,1361.990474,2.966582858,3/31/2021,0.0713,1,0.1313,6
Ashok Leyland,B,,4/7/2020,FY19,3Q20,S,213.3573614,1,0,#REF!,#REF!,#REF!,#REF!,,CV,Aakriti,NSE:ASHOKLEY,BOM:500477,73.9,21693.54498,#REF!,#REF!,3/31/2022,#REF!,1.2,#REF!,5
Aurobindo Pharma,B,,29-Sept-18,FY18,2Q19,C,367.3964645,1,0,0.128,635.7417042,SELL,672.2031317,,Pharmaceuticals,Manushi,NSE:AUROPHARMA,BOM:524804,811.1,47460.04698,672.2031317,-0.3249459107,3/31/2021,0.068,1,0.128,5
Bajaj Auto,B,,4/7/2020,FY19,3Q20,C,275.4028326,1,0,#REF!,#REF!,#REF!,#REF!,Automobile & Ancillaries,Automobile Two & Three Wheelers,Aakriti,NSE:BAJAJ-AUTO,BOM:532977,3035.2,87731.42262,#REF!,#REF!,3/31/2022,#REF!,1,#REF!,16
Bajaj Corp,B,,9/11/2018,FY18,1Q19,S,20.36828448,2,0.02,#REF!,#REF!,#REF!,#REF!,,Household & Personal Products,,NSE:BAJAJCON,BOM:533229,180.5,2667.49759,#REF!,#REF!,3/31/2021,#REF!,0.7,#REF!,15
Bharat Electronics,B,,9/24/2018,FY18,4Q19,C,156.1650517,1,0,0.1313,85.13458624,SELL,90.13911277,,Engineering - Industrial Equipments,Chintan,NSE:BEL,BOM:500049,91.4,22282.36981,90.13911277,-0.03386424614,3/31/2021,0.0713,1,0.1313,15
Britannia,B,,9/18/2018,FY18,1Q19,C,332.1162544,1,0,0.1045,1109.617385,SELL,1283.291425,,Consumer Food,Chitrangda,NSE:BRITANNIA,BOM:500825,3744.05,90143.35892,1283.291425,-0.5190735662,3/31/2022,0.0625,0.7,0.1045,31
Cadila Healthcare,B,,,FY18,,,183.3121391,1,0,0.128,293.0422865,BUY,243.438135,,Pharmaceuticals & Drugs,,NSE:CADILAHC,BOM:532321,431.35,44189.13376,243.438135,0.5612515645,3/31/2019,0.065,1.05,0.128,20
CDSL,B,,10/5/2018,FY18,,C,27.54183059,5,0.08,0.08,#REF!,#REF!,#REF!,,,Nirmal,NSE:CDSL,NSE:CDSL,474,4953.29526,#REF!,,,,,,
Cera Sanitaryware,B,,8/1/2019,FY19,4Q19,C,1.178384723,5,0.08,0.204,2642.25542,BUY,3466.829252,,Ceramics/Marble/Granite/Sanitaryware,Chintan,NSE:CERA,BOM:532443,2534.4,3299.646746,3466.829252,0.2378971458,3/31/2022,0.07,0.9,0.124,20
Coal India,B,,12/2/2019,FY19,2Q20,C,143.805011,1,0,0,#REF!,#REF!,#REF!,,Mining,Aakriti,NSE:COALINDIA,BOM:533278,113.9,70224.49922,#REF!,,,,,,
Colgate Palmolive,B,,9/27/2018,FY18,1Q19,S,143.2216328,1,0,0.0985,1678.755556,BUY,1753.389697,,Household & Personal Products,Chintan,NSE:COLPAL,BOM:500830,1457,39395.7529,1753.389697,0.5059253613,3/31/2021,0.0625,0.6,0.0985,21
Dabur India,B,,5/2/2018,FY18P,4Q18,C,175.7358659,1,0,0.0985,490.2732834,HOLD,562.5087421,,Household & Personal Products,Chitrangda,NSE:DABUR,BOM:500096,513.05,90916.08911,562.5087421,0.06285458919,3/31/2022,0.0625,0.6,0.0985,30
Deepak Nitrite,B,,1/17/2019,FY18,2Q19,,58.8749342,,,,623.9010477,SELL,623.9010477,,,Manushi,NSE:DEEPAKNTR,BOM:506401,735.7,10033.06477,623.9010477,-0.02365922289,3/31/2022,0.06,1.2,0.132,14
Eicher Motors,B,,4/7/2020,FY19,3Q20,C,501.4746344,1,0,#REF!,#DIV/0!,#DIV/0!,#DIV/0!,,Automobile 2 & 3 wheelers,Aakriti,NSE:EICHERMOT,BOM:505200,2222,60538.00287,#DIV/0!,#DIV/0!,3/31/2022,#REF!,1,#REF!,16
Finolex Industries,B,,11/11/2019,FY19,1Q20,C,2.311782184,5,0.08,0.205,485.602489,HOLD,637.919772,Building products - Pipes,Plastics Products,Chintan,NSE:FINPIPE,BOM:500940,501.2,6212.935495,637.919772,0.1758781649,3/31/2022,0.065,1,0.125,19
GCPL,B,,7/6/2018,FY17,3Q18,C,115.5757632,1,0,0.1253,328.7234473,SELL,347.1911262,,Household & Personal Products,Chintan,NSE:GODREJCP,BOM:532424,715.2,73128.19997,347.1911262,-0.7868195543,3/31/2021,0.0713,0.9,0.1253,20
Glaxosmithkline Consumer Healthcare Ltd.,B,,3/28/2018,FY17,3Q18,S,#N/A,#N/A,#N/A,#N/A,#N/A,#N/A,4714.075392,,Consumer Food,Chintan,NSE:GSKCONS,BOM:500676,10753.65,45242.51059,4714.075392,#N/A,3/31/2021,0.0713,0.7,0.1133,33
Hester Biosciences Ltd,B,,1/31/2019,FY18,3Q19,,1.66786789,,,,785.0933846,SELL,785.0933846,,,Manushi,NSE:HESTERBIO,BOM:524669,1730,1459.924337,785.0933846,-0.816036102,3/31/2021,0.0675,1.1,0.1335,8
Hikal Ltd.,B,,3/16/2020,FY19,3Q20,C,14.98109721,2,0.02,0.145,104.0034545,BUY,126.7888309,,,Chintan,NSE:HIKAL,BOM:524735,175.75,2156.529168,126.7888309,0.1886625156,3/31/2022,0.065,1,0.125,15
ICICI Securities,B,,7/22/2019,FY19,1Q20,S,26.86864779,2,0.02,0.152,315.7294254,SELL,388.3478257,,,Nirmal,NSE:ISEC,BOM:541179,468.4,15074.64816,388.3478257,-0.122003129,3/31/2022,0.06,1.2,0.132,5
Kajaria Ceramics,B,,9/24/2018,FY18,4Q18,C,16.0762103,2,0.02,0.1393,644.0040286,BUY,684.0893024,,Tiles,Chintan,NSE:KAJARIACER,BOM:500233,532.2,8443.801346,684.0893024,0.7195032409,3/31/2021,0.0713,0.8,0.1193,20
KEI Industries,B,,7/24/2019,FY19P,1Q20,C,8.93034074,3,0.04,0.1833,486.8536597,BUY,622.7836852,,Cables & Wires,Chintan,NSE:KEI,BOM:517569,335.7,3019.570583,622.7836852,0.5230910803,3/31/2022,0.0713,1.2,0.1433,15
KNR Construction,B,,10/7/2020,FY20,1Q21,S,4.737961117,4,0.06,0.1945,279.9317126,BUY,433.6732713,,Construction,Chintan,NSE:KNRCON,BOM:532942,256.1,3605.432228,433.6732713,0.2327960573,3/31/2023,0.0625,1.2,0.1345,5
Kovai Medical,B,,9/24/2018,FY18,3Q19,S,0.2083726429,5,0.08,0.2025,948.2287461,BUY,1493.35747,,Hospital & Healthcare Services,Chintan,BOM:523323,BOM:523323,760,831.61176,1493.35747,0.3149999951,3/31/2023,0.0625,1,0.1225,5
KPR Mill,B,,10/7/2020,FY20,1Q21,C,0.6693680871,5,0.08,0.2145,563.7892602,HOLD,909.8903192,,Textile,Chintan,NSE:KPRMILL,BOM:532889,670.85,4593.898118,909.8903192,0.1333680746,3/31/2023,0.0625,1.2,0.1345,5
L.G. Balakrishnan Brothers Ltd.,B,,9/12/2018,FY18,1Q19,C,1.141160799,5,0.08,0.2253,267.1904088,BUY,293.5474553,Auto-Ancillary,,Nirmal,NSE:LGBBROSLTD,BOM:500250,234,735.518394,293.5474553,0.6255150359,3/31/2021,0.0733,1.2,0.1453,5
Lumax Industries,B,,9/20/2018,FY18,1Q19,C,1.120866038,5,0.08,#REF!,#DIV/0!,#DIV/0!,#DIV/0!,,,Nirmal,NSE:LUMAXIND,BOM:517206,1301,1215.672026,#DIV/0!,#DIV/0!,3/31/2022,#REF!,1.2,#REF!,23
Mahindra & Mahindra,B,,4/8/2020,FY19,3Q20,S,375.0857541,1,0,0.1345,475.3755183,BUY,571.7636565,,Automobile,Aakriti,NSE:M&M,BOM:500520,628.15,74934.21494,571.7636565,0.3889143222,3/31/2022,0.0625,1.2,0.1345,5
Maruti Suzuki India Ltd.,B,,4/7/2020,FY19,3Q20,C,954.2080427,1,0,#REF!,#DIV/0!,#DIV/0!,#DIV/0!,,Automobile,Aakriti,NSE:MARUTI,BOM:532500,7031.85,212391.4067,#DIV/0!,#DIV/0!,3/31/2022,#REF!,1.2,#REF!,23
Menon Bearing,B,,7/23/2018,FY19,3Q20,S,0.3356804337,5,0.08,0.203,48.94829105,BUY,64.14565528,,,Nirmal,NSE:MENONBE,BOM:523828,42.25,235.8709762,64.14565528,0.3401901803,3/31/2022,0.06,1.05,0.123,5
Minda Industries,B,,,FY18,2Q18,C,7.443856043,3,0.04,0.16,#DIV/0!,#DIV/0!,#DIV/0!,,Auto Ancillary,Nirmal,NSE:MINDAIND,BOM:532539,329.4,8951.971874,#DIV/0!,#DIV/0!,3/31/2021,0.06,1,0.12,23
Mindtree Ltd,B,WHY E,7/14/2020,FY20,1Q21,C,119.1703457,1,0,0.1165,1132.892466,SELL,1331.087676,,,Nirmal,NSE:MINDTREE,BOM:532819,1586.25,26096.55671,1331.087676,-0.1085789174,3/31/2022,0.0625,0.9,0.1165,20
Music Broadcast Ltd.,B,,7/22/2018,FY18P,4Q18,S,1.586616761,5,0.08,0.22,250.4352911,BUY,274.5878483,,TV Broadcasting & Software Production,Aakriti,NSE:RADIOCITY,BOM:540366,17.75,615.296295,274.5878483,352.9093607,3/31/2021,0.08,1,0.14,7
Narayana Hrudayalaya,B,,4/6/2020,FY19,3Q20,C,5.926103498,3,0.04,0.1625,277.3927008,SELL,345.752897,,Hospital & Healthcare Services,Chintan,NSE:NH,BOM:539551,364.9,7420.73764,345.752897,-0.02410415849,3/31/2022,0.0625,1,0.1225,15
Natco pharma,B,,4/1/2019,FY18,3Q19,C,30.99910314,,,,#REF!,#REF!,#REF!,Pharmaceuticals,Pharmaceuticals,Manushi,NSE:NATCOPHARM,BOM:524816,944.35,17214.07409,#REF!,,,,,,
Nestle India,B,,3/16/2020,CY19P,4Q19,S,290.3735348,1,0,0.1045,10524.49863,SELL,13118.24005,,Consumer Food,Aakriti,NSE:NESTLEIND,BOM:500790,15694.8,151337.7506,13118.24005,-0.08101431427,12/31/2022,0.0625,0.7,0.1045,30
NOCIL,B,,5/14/2019,FY19P,,C,25.22322387,2,0.02,0.1535,105.0042264,HOLD,129.4015196,,Chemicals,Manushi,NSE:NOCIL,BOM:500730,142.6,2368.681643,129.4015196,0.1501358965,3/31/2022,0.0675,1.1,0.1335,5
Oberoi Realty,B,,7/31/2018,FY18,1Q19,C,12.83072519,2,0.02,0.02,#REF!,#REF!,#REF!,,Realty,,NSE:OBEROIRLTY,BOM:533273,387.3,14037.18844,#REF!,,,,,,
P&G Health & Hygine,B,,5/8/2019,FY18P,3Q19,S,5.946547936,3,0.04,0.04,#REF!,#REF!,#REF!,,Household & Personal Products,Aakriti,NSE:PGHH,BOM:500459,10192,32915.18022,#REF!,,,,,,
Page Industries,B,,4/8/2020,FY19,3Q20,S,74.44836421,1,0,0,#REF!,#REF!,#REF!,,Textile,Aakriti,NSE:PAGEIND,BOM:532827,20683.95,23069.54932,#REF!,,,,,,
Phoenix Mills,B,,3/9/2020,FY19,3Q20,C,7.264770643,3,0.04,0.04,#REF!,#REF!,#REF!,,Real Estate,,NSE:PHOENIXLTD,BOM:503100,563.4,9658.975091,#REF!,,,,,,
Sharda Cropchem,B,,,,,,0.9241943639,5,0.08,0.08,#REF!,#REF!,#REF!,,,Manushi,NSE:SHARDACROP,BOM:538666,250.1,2259.602035,#REF!,,,,,,
Sobha Ltd.,B,,,,,,6.171834002,3,0.04,0.04,0,Not Rated,,,,,NSE:SOBHA,BOM:532784,260.05,2458.028632,,,,,,,
Spicejet,B,,9/3/2019,FY19P,2Q20,S,17.66273767,2,0.02,0.02,0,Not Rated,,,Airlines,Chintan,NSE:SPICEJET,BOM:500285,48,2881.176,,,,,,,
Sun pharmaceutical Industries Ltd,B,,4/1/2019,FY18,3Q19,C,531.8778007,1,0,0.1215,418.9138003,HOLD,441.7559579,Pharmaceuticals,Pharmaceuticals,Manushi,NSE:SUNPHARMA,BOM:524715,503.2,120746.2144,441.7559579,0.08093328995,3/31/2021,0.0675,0.9,0.1215,9
Tata Elxsi,B,,12/2/2019,FY19,3Q20,S,52.64513071,1,0,0.12,769.3105099,SELL,908.0469562,,IT-Software,Nirmal,NSE:TATAELXSI,BOM:500408,1457.95,9064.849018,908.0469562,-0.2735433547,3/31/2022,0.06,1,0.12,10
Titan,B,,4/8/2020,FY19,3Q20,C,390.2696054,1,0,0,#REF!,#REF!,#REF!,,Diamond & Jewellery,Aakriti,NSE:TITAN,BOM:500114,1229.75,109145.0716,#REF!,,,,,,
TTK Prestige Ltd.,B,,4/8/2020,FY19,3Q20,C,4.280128346,4,0.06,0.1645,4871.915464,HOLD,6087.832966,,Consumers,Aakriti,NSE:TTKPRESTIG,BOM:517506,5962,8160.20618,6087.832966,0.1089624058,3/31/2022,0.0625,0.7,0.1045,30
Varroc Engineering,B,,5/31/2019,FY19,3Q20,C,6.013990051,3,0.04,0.172,432.6849849,BUY,545.7752844,,,Nirmal,NSE:VARROC,BOM:541578,310.2,4179.1565,545.7752844,0.4705849479,3/31/2022,0.06,1.2,0.132,10
Wonderla Holidays,B,,8/13/2018,FY18,1Q19,S,1.190201127,5,0.08,0.2015,175.4346515,BUY,229.4839696,,Amusement Parks/Recreation/Club,Aakriti,NSE:WONDERLA,BOM:538268,157.25,890.3971467,229.4839696,0.2897914687,3/31/2022,0.0675,0.9,0.1215,8
Aarti Drugs,C,,2/20/2020,FY19,3Q20,C,23.41620522,2,0.02,0.14,627.8458262,SELL,760.511155,,Pharmaceuticals,Chintan,NSE:AARTIDRUGS,BOM:524348,799.45,7452.556157,760.511155,-0.03310123327,3/31/2022,0.06,1,0.12,10
Abbott India Ltd,C,,8/27/2018,FY18,4Q18,S,25.70552994,2,0.02,0.15,4234.054403,SELL,4517.106869,Pharmaceuticals,Pharmaceuticals,Manushi,NSE:ABBOTINDIA,BOM:500488,16400,34598.11026,4517.106869,-0.9368991231,3/31/2021,0.07,1,0.13,15
Accelya Kale Solutions Ltd.,C,,,,,,2.492012658,5,0.08,0.08,0,Not Rated,,,,,NSE:ACCELYA,BOM:532268,1045,1560.541345,,,,,,,
Action Construction,C,,8/19/2018,FY17,4Q18,C,2.465753512,5,0.08,0.2195,58.69131024,SELL,64.33942289,,,Chintan,NSE:ACE,BOM:532762,70.25,797.7862276,64.33942289,-0.2590111723,3/31/2021,0.0675,1.2,0.1395,5
Advanced Enzyme Technologies,C,,9/7/2018,FY18,1Q19,C,6.520915105,3,0.04,#REF!,#DIV/0!,#DIV/0!,#DIV/0!,,Pharmaceuticals & Drugs,Manushi,NSE:ADVENZYMES,BOM:540025,336.4,3770.986744,#DIV/0!,#DIV/0!,3/31/2021,#REF!,1.1,#REF!,20
Alembic Pharmaceuticals Ltd.,C,,,,,,45.94008148,2,0.02,0.02,0,Not Rated,,,,Bhavin,NSE:APLLTD,BOM:533573,960.85,18918.2158,,,,,,,
Amrutanjan Ltd.,C,,9/7/2018,FY18,1Q19,S,10.07961726,2,0.02,0.1475,#DIV/0!,#DIV/0!,#DIV/0!,,Pharmaceuticals & Drugs,Aakriti,NSE:AMRUTANJAN,BOM:590006,411.6,1201.392504,#DIV/0!,#DIV/0!,3/31/2021,0.0675,1,0.1275,23
Ashiana Housing Ltd.,C,,,FY19,3Q20,C,0.4298902905,5,0.08,0.08,0,Not Rated,,,,,NSE:ASHIANA,BOM:523716,78.55,803.9749912,,,,,,,
Asian Paints,C,,9/24/2018,FY19,1Q20,C,437.6161535,1,0,0.1045,655.3911747,SELL,757.9710683,,Paints,Chintan,NSE:ASIANPAINT,BOM:500820,2065.7,198232.0865,757.9710683,-0.4954249422,3/31/2022,0.0625,0.7,0.1045,25
Atul Auto,C,,9/11/2018,FY18P,4Q18,S,1.147001711,5,0.08,0.2195,167.0483654,HOLD,223.3198828,,Automobile 2 & 3 wheelers,Nirmal,NSE:ATULAUTO,BOM:531795,170.05,372.8135454,223.3198828,0.2041863405,3/31/2022,0.0675,1.2,0.1395,5
Balkrishna Industries,C,,9/11/2018,FY18,1Q19,C,97.7215496,1,0,0.1395,437.3550821,SELL,529.4293558,Tyres,Tyres,Aakriti,NSE:BALKRISIND,BOM:502355,1387.25,26811.22815,529.4293558,-0.4814822792,3/31/2022,0.0675,1.2,0.1395,5
Berger Paints,C,,1/26/2020,FY19,2Q20,C,77.97493723,1,0,0.1095,317.4774497,SELL,369.6023728,Paints,Paints,Chintan,NSE:BERGEPAINT,BOM:509480,607.5,58991.90715,369.6023728,-0.2619116228,3/31/2022,0.0675,0.7,0.1095,25
Beta Drugs,C,need to update,3/29/2018,FY17,,S,#N/A,#N/A,#N/A,#N/A,#N/A,#N/A,47.01118098,,,Manushi,NSE:BETA,NSE:BETA,67,58,47.01118098,0.9431802046,3/31/2020,0.068,2,0.188,5
Bharat Dynamics,C,,6/7/2018,FY17,4Q18,C,47.57946512,2,0.02,0.02,0,Not Rated,,,,Chintan,NSE:BDL,BOM:541143,301.1,5522.261431,,,,,,,
CCL Products,C,C,9/19/2018,FY18,1Q19,C,4.768773887,4,0.06,0.1825,0,Not Rated,,,Tea/Coffee,,NSE:CCL,BOM:519600,253.8,3372.293939,,-1,3/31/2022,0.0625,1,0.1225,29
Century Plyboard Ltd.,C,,9/24/2018,FY17,4Q18,C,8.247733257,3,0.04,0.04,0,Not Rated,,,Wood & Wood Products,Chintan,NSE:CENTURYPLY,BOM:532548,171.2,3808.047756,,,,,,,
Cochin Shipyard,C,,6/7/2018,FY17,4Q18,C,20.37215964,2,0.02,0.02,0,Not Rated,,,Industrial/Defence,Chintan,NSE:COCHINSHIP,BOM:540678,317.6,4179.654192,,,,,,,
Coromandel International,C,,,,,,42.13916562,2,0.02,0.1425,784.8765723,BUY,953.7746867,,Fertilizer,Manushi,NSE:COROMANDEL,BOM:506395,726,21289.9137,953.7746867,0.2165096532,3/31/2022,0.0625,1,0.1225,30
DFM Foods,C,,4/10/2020,FY19,3Q20,S,1.30464191,5,0.08,0.08,#REF!,#REF!,#REF!,Consumer Staples,Consumer Food,Aakriti,NSE:DFMFOODS,BOM:519588,363.15,1834.384381,#REF!,,,,,,
Fiem Industries,C,,4/10/2019,FY19,3Q20,C,3.376270465,5,0.08,0.08,#REF!,#REF!,#REF!,,,Aakriti,NSE:FIEMIND,BOM:532768,519,680.591169,#REF!,,,,,,
Fine Organics,C,,,,,,5.440592592,3,0.04,#REF!,,#REF!,#REF!,,,Manushi,NSE:FINEORG,BOM:541557,2555,7837.301382,#REF!,#REF!,3/31/2021,#REF!,0.8,#REF!,20
Gabriel India,C,,7/11/2018,FY18P,4Q18,S,1.029302701,5,0.08,0.08,#REF!,#REF!,#REF!,,Auto Ancillary,Aakriti,NSE:GABRIEL,BOM:505714,98.55,1415.610678,#REF!,,,,,,
Galaxy Surfactants,C,,,,,,3.299879517,4,0.06,0.1313,,BUY,5089.858649,,,Manushi,NSE:GALAXYSURF,BOM:540935,1788.15,6374.76405,5089.858649,8.40814068,3/31/2021,0.0713,0.8,0.0713,20
Gandhi Special Tubes,C,,9/24/2018,FY18,1Q19,S,0.2107245252,5,0.08,0.2025,407.9378849,BUY,444.2981769,,Castings/Forgings,Chintan,NSE:GANDHITUBE,BOM:513108,214.9,275.2955869,444.2981769,3.881832394,3/31/2021,0.0625,1,0.1225,6
Garware Technical Fibres,C,,11/24/2017,FY17,,C,1.717821258,5,0.08,0.2,986.3691883,SELL,1287.901785,,Textile,Nirmal,NSE:GARFIBRES,BOM:509557,2109,4404.83972,1287.901785,-0.2844143918,3/31/2022,0.06,1,0.12,15
GE Power,C,,,FY18,,,2.596783994,4,0.06,0.06,0,Not Rated,,,Industrials,Chintan,NSE:GEPIL,BOM:532309,408.4,2739.598617,,,,,,,
Geojit Financial Services,C,C,9/28/2018,FY18,1Q19,C,2.657671074,4,0.06,0.212,58.50039116,BUY,63.94721379,,,Nirmal,NSE:GEOJITFSL,BOM:532285,35.35,843.564437,63.94721379,2.561561493,3/31/2021,0.08,1.2,0.152,5
GNA Axles,C,,7/7/2017,FY16,4Q16,S,2.369237504,5,0.08,0.2075,65.62123259,SELL,71.60762189,,Auto Ancillary,Nirmal,NSE:GNA,BOM:540124,258.4,553.5372317,71.60762189,-0.9330805067,3/31/2021,0.0675,1,0.1275,4
Godawari power,C,,9/21/2018,FY18,1Q19,C,2.091716259,5,0.08,0.08,#REF!,#REF!,#REF!,,,Chintan,NSE:GPIL,BOM:532734,307,1086.50979,#REF!,,,,,,
Grauer & Weil (India) Ltd,C,,8/27/2018,FY17,3Q18,C,0.7283502857,5,0.08,0.08,#REF!,#REF!,#REF!,,Industrial,Chintan,BOM:505710,BOM:505710,36,816.14052,#REF!,,,,,,
Havells,C,,9/24/2018,FY18,2Q18,C,149.5147264,1,0,0.1225,305.2119849,SELL,321.9871579,,Consumer Electronics,Chintan,NSE:HAVELLS,BOM:517354,698.95,43814.38745,321.9871579,-0.5653219292,3/31/2021,0.0625,1,0.1225,20
HDFC Asset Management Company,C,,,,,,110.0020148,,,,,,,,,Nirmal,NSE:HDFCAMC,BOM:541729,,,,,,,,,
Healthcare Global Enterprises,C,,8/9/2018,FY18,1Q19,C,4.490123363,4,0.06,0.06,#REF!,#REF!,#REF!,,,Chintan,NSE:HCG,BOM:539787,124.5,1562.669648,#REF!,,,,,,
Hero Motocorp,C,,4/9/2020,FY19,3Q20,C,463.1123819,1,0,0,#REF!,#REF!,#REF!,,,Aakriti,NSE:HEROMOTOCO,BOM:500182,3282.7,65601.70561,#REF!,,,,,,
Hindustan Aeronautics,C,,6/7/2018,FY17,4Q18,S,39.36800098,2,0.02,0.1475,746.0787527,SELL,692.9442474,,,Chintan,NSE:HAL,BOM:541154,755.7,25263.08919,692.9442474,0.03836992301,3/31/2020,0.0675,1,0.1275,20
Huhtamaki PPL,C,,9/24/2018,CY17,2QCY18,S,2.711165398,4,0.06,0.18,178.0936632,SELL,257.0221221,,Primary Packaging,Chintan,NSE:PAPERPROD,BOM:509820,293,2235.449128,257.0221221,-0.06171170618,12/31/2022,0.06,1,0.12,6
India Nippon Electricals,C,,10/3/2018,FY18,,C,0.535834872,5,0.08,0.08,#REF!,#REF!,#REF!,,,Chintan,NSE:INDNIPPON,BOM:532240,332.75,755.555428,#REF!,,,,,,
Indo Borax & Chemicals,C,,,,,,0.1601043724,5,0.08,0.08,0,Not Rated,,,Chemicals,Manushi,BOM:524342,BOM:524342,338.9,108.7530419,,,,,,,
Insecticides India,C,,,,,,5.182235496,3,0.04,0.04,#REF!,#REF!,#REF!,,Pesticides & Agrochemicals,Manushi,NSE:INSECTICID,BOM:532851,469.1,969.1000987,#REF!,,,,,,
Intellect Design Arena Ltd.,C,,,,,,2.630968213,4,0.06,0.1933,233.5080581,BUY,253.4183198,,,Nirmal,NSE:INTELLECT,BOM:538835,230.9,3026.4228,253.4183198,0.2309377227,3/31/2021,0.0733,1,0.1333,10
ISGEC,C,,12/28/2018,FY18,2Q19,C,0.5894721384,5,0.08,0.08,0,Not Rated,,,,Chintan,BOM:533033,BOM:533033,239.2,1758.825139,,,,,,,
Jagran Prakashan,C,C,2/19/2018,FY17,4Q17,C,2.811233221,4,0.06,#REF!,#REF!,#REF!,#REF!,,Printing and Publishing,Aakriti,NSE:JAGRAN,BOM:532705,36.2,1015.131957,#REF!,#REF!,3/31/2019,#REF!,1,#REF!,10
Kansai Nerolac,C,,9/24/2018,FY18,4Q18,C,10.92130711,2,0.02,0.02,0,Not Rated,,,Paints,Chintan,NSE:KANSAINER,BOM:500165,476,25620.29064,,,,,,,
Kaveri Seed Company Ltd.,C,,,,,,17.24183782,2,0.02,0.02,0,Not Rated,,,,,NSE:KSCL,BOM:532899,520.5,3141.644831,,,,,,,
Kennametal India,C,C,12/18/2018,FY18,2Q19,S,0.2713951005,5,0.08,0.205,217.5698384,SELL,299.4160932,,,Chintan,NSE:KENNAMET,BOM:505890,717,1571.783022,299.4160932,-0.399209437,6/30/2022,0.065,1,0.125,5
L&T Infotech,C,,10/1/2018,FY18P,1Q19,C,36.24470647,2,0.02,0.16,943.5549711,SELL,1010.676433,,,Nirmal,NSE:LTI,BOM:540005,3266.65,56695.32238,1010.676433,-0.9192242818,3/31/2021,0.08,1,0.14,5
Lakshmi Machine Works Ltd.,C,,8/27/2018,FY18,1Q19,C,2.730061084,4,0.06,0.1913,4080.016914,SELL,4424.465302,,,Chintan,NSE:LAXMIMACH,BOM:500252,3910,4172.89276,4424.465302,-0.3423037048,3/31/2021,0.0713,1,0.1313,5
Lumax Auto Technologies,C,,,,,,1.148622445,5,0.08,0.08,0,Not Rated,,,Auto Ancillary,Nirmal,NSE:LUMAXTECH,BOM:532796,100.5,684.6436875,,,,,,,
Mahanagar Gas Ltd,C,C,9/5/2018,FY18,1Q19,S,99.58293014,1,0,0,#REF!,#REF!,#REF!,Oil & Gas,Oil & Gas,Chintan,NSE:MGL,BOM:539957,787.9,7776.94119,#REF!,,,,,,
Majestic Auto,C,,4/20/2019,FY19P,1Q20,S,0.02346907524,5,0.08,#REF!,#REF!,#REF!,#REF!,,Real estate - Rental,Chintan,BOM:500267,BOM:500267,90.2,93.7851762,#REF!,#REF!,3/31/2022,#REF!,1,#REF!,10
Marico,C,,4/9/2020,FY20,3Q20,C,104.0856027,1,0,0,#REF!,#REF!,#REF!,,Solvent Extraction,Aakriti,NSE:MARICO,BOM:531642,366.9,47368.77334,#REF!,,,,,,
MIDHANI,C,C,9/28/2018,FY18P,4Q18,S,29.70836288,2,0.02,0.02,0,Not Rated,,,,Chintan,NSE:MIDHANI,BOM:541195,192.2,3599.732963,,,,,,,
Minda Corporation Ltd.,C,,,,,,8.848267624,3,0.04,0.176,93.62066686,BUY,100.9186157,,,Nirmal,NSE:MINDACORP,BOM:538962,68.7,1529.742832,100.9186157,1.279755733,3/31/2021,0.076,1,0.136,15
MM Forgings Ltd.,C,R,6/14/2018,FY18P,4Q18,S,0.5124132956,5,0.08,0.2233,863.6367272,BUY,948.112931,,Auto Ancilary,Nirmal,NSE:MMFL,BOM:522241,315,757.9004454,948.112931,9.67998232,3/31/2021,0.0713,1.2,0.1433,6
MMP Industries,C,,5/5/2018,FY17,,C,0.1008756944,5,0.08,0.08,#REF!,#REF!,#REF!,,,,NSE:MMP,NSE:MMP,79.75,202.5858147,#REF!,,,,,,
Motherson Sumi,C,,9/18/2018,FY18P,1Q19,C,185.8169857,1,0,0,#REF!,#REF!,#REF!,,Auto Ancillary,Nirmal,NSE:MOTHERSUMI,BOM:517334,111.85,35321.49131,#REF!,,,,,,
MRF Ltd,C,,8/30/2017,FY17,,C,68.31983181,5,0.08,0.08,#REF!,#REF!,#REF!,,,Aakriti,NSE:MRF,BOM:500290,58517,24812.83477,#REF!,,,,,,
Multi Commodity Exchange Of India Ltd.,C,,,,,,56.17081547,1,0,0,#REF!,#REF!,#REF!,,,Nirmal,NSE:MCX,BOM:534091,1745,8924.713,#REF!,,,,,,
Navin fluorine international ltd,C,C,9/20/2018,FY18,1Q19,C,24.68006285,2,0.02,0.02,#REF!,#REF!,#REF!,Chemicals,Chemicals,Manushi,NSE:NAVINFLUOR,BOM:532504,2015.2,9975.828197,#REF!,,,,,,
Nilkamal,C,,11/15/2017,FY17P,4Q17,C,2.53455526,4,0.06,#REF!,#REF!,#REF!,#REF!,,Plastic Products,Nirmal,NSE:NILKAMAL,BOM:523385,1308.6,1954.85012,#REF!,#REF!,3/31/2021,#REF!,1.1,#REF!,5
NRB Bearings,C,,9/1/2018,FY18,1Q19,C,2.641872287,4,0.06,0.1995,187.6147404,BUY,204.1010109,,Industrial,Nirmal,NSE:NRBBEARING,BOM:530367,69.55,675.0916253,204.1010109,3.816761819,3/31/2021,0.0675,1.2,0.1395,5
Nucleus Software Exports Ltd.,C,,1/17/2018,FY17,2Q18,C,4.301187349,4,0.06,0.1913,297.2053584,SELL,322.296408,,,Nirmal,NSE:NUCLEUS,BOM:531209,673.65,1952.262402,322.296408,-0.7930628112,3/31/2021,0.0713,1,0.1313,5
Orient Refractories,C,,9/24/2018,FY18P,1Q19,S,0.9934324735,5,0.08,0.21,176.5020951,HOLD,192.7882785,,Engineering - Industrial Equipments,Chintan,NSE:ORIENTREF,BOM:534076,188.25,2263.988625,192.7882785,0.05477171046,3/31/2021,0.07,1,0.13,15
Oriental carbon & chemicals,C,,7/18/2018,FY18,4Q18,C,0.9758530433,5,0.08,0.08,#REF!,#REF!,#REF!,,,Manushi,NSE:OCCL,BOM:506579,767,766.0917186,#REF!,,,,,,
Petronet LNG,C,C,3/10/2020,FY19,,C,93.71347515,1,0,0.06,#REF!,#REF!,#REF!,Oil & Gas,Refineries,Pallavi,NSE:PETRONET,BOM:532522,215.65,32347.49908,#REF!,,,0.065,1,0.06,15
PI Industries,C,,,,,,40.3406349,2,0.02,#REF!,#REF!,#REF!,#REF!,,Agrochemicals,,NSE:PIIND,BOM:523642,2022,30651.41712,#REF!,#REF!,3/31/2021,#REF!,0.9,#REF!,32
Pidilite Industries,C,,1/25/2018,FY17,3Q18,C,120.5870084,1,0,0,0,Not Rated,,,Chemicals,Chintan,NSE:PIDILITIND,BOM:500331,1486,75498.20638,,,,,,,
Polymedicure,C,,7/25/2018,FY18,4Q18,C,7.595499708,3,0.04,0.04,#REF!,#REF!,#REF!,,,Manushi,NSE:POLYMED,BOM:531768,481.2,4253.936588,#REF!,,,,,,
PVR,C,,8/14/2018,FY17,3Q18,C,284.4215381,1,0,0.107,801.8722694,SELL,840.5163154,,"Film Production, Distribution and Entertainment",Aakriti,NSE:PVR,BOM:532689,1241,6858.005143,840.5163154,-0.5676105972,3/31/2021,0.065,0.7,0.107,18
Ratnamani Metals & Tubes,C,,4/15/2020,FY19,3Q20,C,1.841655942,5,0.08,0.08,#REF!,#REF!,#REF!,,,Aakriti ,NSE:RATNAMANI,BOM:520111,1284.4,6004.797453,#REF!,,,,,,
Sandhar Technologies,C,,6/4/2019,FY19P,4Q19,C,0.4610281902,5,0.08,#REF!,#REF!,#REF!,,,,,NSE:SANDHAR,BOM:541163,242.5,1473.768837,#REF!,#REF!,3/31/2021,#REF!,1.2,#REF!,5
Seshasayee Papers,C,C,6/5/2019,FY19P,4Q19,C,1.498047286,5,0.08,0.22,1155.129179,BUY,1266.532501,Paper,Paper,Aakriti,NSE:SESHAPAPER,BOM:502450,135.9,855.4726586,1266.532501,68.49498718,3/31/2021,0.065,1.25,0.14,5
Shaily Engineering Plastics Ltd.,C,,,,,,0.2663286004,5,0.08,0.08,0,Not Rated,,,Plastic Products,Nirmal,BOM:501423,BOM:501423,605.85,503.9720006,,,,,,,
SP Apparel,C,,5/29/2018,FY17,3Q18,C,0.481562994,5,0.08,0.2133,256.032468,SELL,230.7837738,,Textile,Chintan,NSE:SPAL,BOM:540048,124.35,318.614167,230.7837738,-0.6924659898,3/31/2020,0.0733,1,0.1333,10
Sun TV,C,,5/29/2018,FY17,4Q17,C,100.7199684,1,0,0.123,281.4826996,SELL,297.0148919,,TV Broadcasting,Chintan,NSE:SUNTV,BOM:532733,443.2,17459.99744,297.0148919,-0.5752284194,3/31/2021,0.063,1,0.123,30
Suprajit Engineering,C,,9/20/2018,FY18,1Q19,C,5.53521769,3,0.04,0.04,#REF!,#REF!,#REF!,,,Aakriti,NSE:SUPRAJIT,BOM:532509,188.1,2635.950722,#REF!,,,,,,
Swaraj Engines Ltd.,C,,6/5/2020,FY20P,4Q20,S,1.281468495,5,0.08,0.2025,1063.766566,SELL,1393.195019,,,Nirmal,NSE:SWARAJENG,BOM:500407,1437.7,1746.782437,1393.195019,-0.02591812493,3/31/2022,0.0625,1,0.1225,15
Symphony,C,,4/9/2020,FY19,3Q20,C,5.249740527,3,0.04,0.04,#REF!,#REF!,#REF!,,,Aakriti,NSE:SYMPHONY,BOM:517385,853.4,5971.876607,#REF!,,,,,,
Tata Chemicals,B,,10/7/2020,FY20,1Q21,B,53.14303399,1,0,0.1345,304.0991795,BUY,414.9535488,,,Chintan,NSE:TATACHEM,BOM:500770,307.5,7833.75315,414.9535488,0.138854922,3/31/2023,0.0625,1.2,0.1345,5
Tata Coffee Ltd.,C,,9/5/2018,FY18,1Q19,C,8.628755207,3,0.04,0.1555,47.17424086,SELL,50.43920894,,,Aakriti,NSE:TATACOFFEE,BOM:532301,102.8,1908.792409,50.43920894,-0.6376081782,3/31/2021,0.0675,0.8,0.1155,13
Tata Global Beverages Ltd.,C,,9/7/2018,FY18,1Q19,C,198.1777771,1,0,0,#REF!,#REF!,#REF!,Consumer Staples,Tea & Coffee,Aakriti,NSE:TATACONSUM,BOM:500800,469.05,43198.07796,#REF!,,,,,,
Tata Metaliks,B,,10/7/2020,FY20,1Q21,S,2.192230112,5,0.08,0.2265,433.6933928,HOLD,717.087583,,Steel/Sponge Iron/Pig Iron,Chintan,NSE:TATAMETALI,BOM:513434,498.8,1573.647122,717.087583,0.1619930975,3/31/2023,0.0625,1.4,0.1465,5
Thyrocare Ltd,C,,9/24/2018,FY18,1Q19,C,8.394324986,3,0.04,0.1675,595.604817,SELL,747.0608055,,Hospital & Healthcare Services,Chintan,NSE:THYROCARE,BOM:539871,1092,5727.421316,747.0608055,-0.2241671153,3/31/2022,0.0675,1,0.1275,20
Transport Corp of India,C,,8/27/2018,FY18P,4Q18,C,0.6656277041,5,0.08,0.2195,78.82515108,SELL,86.41082826,,Logistics,Chintan,NSE:TCI,BOM:532349,225.9,1755.517692,86.41082826,-0.8724493365,3/31/2021,0.0675,1.2,0.1395,5
Trent Ltd.,C,,4/9/2020,FY19,3Q20,C,26.88882845,2,0.02,0.02,#REF!,#REF!,#REF!,,,Aakriti,NSE:TRENT,BOM:500251,687.4,24495.52737,#REF!,,,,,,
United Spirits,C,,2/13/2020,FY19,3Q20,C,250.8322899,1,0,0,#REF!,#REF!,#REF!,,Breverages,Aakriti,NSE:MCDOWELL-N,BOM:532432,526.85,38184.85843,#REF!,,,,,,
VIP Industries Ltd.,C,,4/9/2020,FY19P,3Q20,C,25.70461379,2,0.02,0.02,#REF!,#REF!,#REF!,,,Aakriti,NSE:VIPIND,BOM:507880,290.2,4110.128891,#REF!,,,,,,
VRL Logistics,C,,,,,,1.626195404,5,0.08,0.08,0,Not Rated,,,Logistics,Chintan,NSE:VRLLOG,BOM:539118,156,1416.41838,,,,,,,
VST Tillers Tractors Ltd.,C,,,,,,4.017526787,4,0.06,0.06,0,Not Rated,,,,,NSE:VSTTILLERS,BOM:531266,1660.2,1433.254289,,,,,,,
3M India Ltd.,E,,5/25/2018,FY17,,S,11.68004013,2,0.02,0.02,0,Not Rated,,,,Aakriti,NSE:3MINDIA,BOM:523395,19164.85,21562.04649,,,,,,,
Aarti Industries,E,E,,,,,54.27309442,1,0,0.107,,BUY,1299.083553,,Chemicals,,NSE:AARTIIND,BOM:524208,995,17358.79985,1299.083553,1.555230233,3/31/2021,0.065,0.7,0.107,15
ACC Ltd,E,Chintan,3/23/2020,CY19,4Q19,C,169.1725843,1,0,0.1225,1243.538633,BUY,1431.224898,,,Chintan,NSE:ACC,BOM:500410,1520.95,28636.06544,1431.224898,0.2094949853,12/31/2021,0.0625,1,0.1225,5
Acrysil Ltd.,E,,,,,,0.1301873918,5,0.08,0.08,0,Not Rated,,,,,BOM:524091,BOM:524091,107.8,287.7707067,,,,,,,
Advani Hotels & Resorts (India) Ltd.,E,,,,,,0.05368584468,5,0.08,0.08,0,Not Rated,,,,,NSE:ADVANIHOTR,BOM:523269,41.8,200.5002171,,,,,,,
Agrotech Foods,E,,,,,,1.307503435,5,0.08,0.08,0,Not Rated,,,,,NSE:ATFL,BOM:500215,706.1,1671.953655,,,,,,,
Ajanta Pharma Ltd.,E,,,,,,34.86221133,2,0.02,0.02,0,Not Rated,,,,,NSE:AJANTPHARM,BOM:532331,1576,13699.15013,,,,,,,
Ajanta Soya Ltd.,E,,,,,,0.04691696183,5,0.08,0.08,0,Not Rated,,,,,BOM:519216,BOM:519216,41.65,67.0422998,,,,,,,
Akzo Nobel India Ltd.,E,,,,,,2.330312702,5,0.08,0.08,0,Not Rated,,,,,NSE:AKZOINDIA,BOM:500710,2023,9224.189791,,,,,,,
Alicon Castalloy Ltd.,E,,,,,,0.1142274067,5,0.08,0.08,0,Not Rated,,,,,NSE:ALICON,BOM:531147,310,427.1102176,,,,,,,
Amara Raja Batteries Ltd.,E,,,,,,88.46776571,1,0,0,0,Not Rated,,,,,NSE:AMARAJABAT,BOM:500008,731.05,12482.9271,,,,,,,
Anuh Pharma Ltd.,E,,,,,,1.271889305,5,0.08,0.08,0,Not Rated,,,,,BOM:506260,BOM:506260,156.65,785.0042927,,,,,,,
Apcotex Industries Ltd.,E,,,,,,1.29377396,5,0.08,0.08,0,Not Rated,,,,,NSE:APCOTEXIND,BOM:523694,134,696.199948,,,,,,,
APM Industries Ltd.,E,,,,,,0.007208699667,5,0.08,0.08,0,Not Rated,,,,,BOM:523537,BOM:523537,14,30.255904,,,,,,,
Arrow Textiles Ltd.,E,,,,,,#N/A,#N/A,#N/A,#N/A,#N/A,Not Rated,,,,,BOM:533068,BOM:533068,#N/A,#N/A,,,,,,,
Arvind Ltd.,E,,,,,,9.642247812,3,0.04,0.04,0,Not Rated,,,,,NSE:ARVIND,BOM:500101,33.6,869.9846004,,,,,,,
Ashok Alco-Chem Ltd.,E,,,,,,0.00872726254,5,0.08,0.08,0,Not Rated,,,,,BOM:524594,BOM:524594,50.7,23.3237393,,,,,,,
Ashoka Buildcon Ltd.,E,,,,,,9.357875219,3,0.04,0.04,0,Not Rated,,,,,NSE:ASHOKA,BOM:533271,61.55,1732.062782,,,,,,,
Automotive Axles Ltd.,E,,,,,,1.078095906,5,0.08,0.08,0,Not Rated,,,,,NSE:AUTOAXLES,BOM:505010,700.5,1054.059908,,,,,,,
Avanti Feeds Ltd.,E,,,,,,35.66699877,2,0.02,0.02,0,Not Rated,,,,,NSE:AVANTIFEED,BOM:512573,508.85,6932.180669,,,,,,,
AVT Natural Products Ltd.,E,,,,,,1.422894045,5,0.08,0.08,0,Not Rated,,,,,NSE:AVTNPL,BOM:519105,45.4,689.8465083,,,,,,,
AYM Syntex Ltd.,E,,,,,,0.06278730024,5,0.08,0.08,0,Not Rated,,,,Manushi,NSE:AYMSYNTEX,BOM:508933,27.2,134.7874005,,,,,,,
Balrampur Chini Mills Ltd.,E,,,,,,22.5631654,2,0.02,0.02,0,Not Rated,,,,Chintan,NSE:BALRAMCHIN,BOM:500038,156.35,3278.079569,,,,,,,
Bambino Agro Industries Ltd.,E,,,,,,0.1155723117,5,0.08,0.08,0,Not Rated,,,,,BOM:519295,BOM:519295,188,150.5663048,,,,,,,
Can Fin Homes,AA,,8/28/2020,FY20,1Q21,S,28.60669599,2,0.02,0.1545,357.7374346,SELL,509.6141879,466.8,,HFC,Nirmal,NSE:CANFINHOME,BOM:511196,,6228.115457,509.6141879,12/30/1899,3/31/2023,0.0625,1.2,0.1345
ICICI Bank,AAA,,7/25/2020,FY20,1Q21,S,1332.519289,1,0,0.1395,460.8828287,BUY,635.7387714,396.15,,Private Bank,Nirmal,NSE:ICICIBANK,BOM:532174,,273348.6854,635.7387714,12/30/1899,3/31/2023,0.0625,1.2,0.1395
Kotak Mahindra Bank,AAA,,7/27/2020,FY20,1Q21,S,554.7527107,1,0,0.118,1317.229882,HOLD,1733.7018,1344.3,,Private Bank,Nirmal,NSE:KOTAKBANK,BOM:500247,,266633.4456,1733.7018,12/30/1899,3/31/2023,0.0625,0.9,0.118
HDFC Bank,AAAA,,7/18/2020,FY20,1Q21,S,1391.11329,1,0,0.1215,1395.135843,BUY,1850.430594,1198.15,,Private Bank,Nirmal,NSE:HDFCBANK,BOM:500180,,659562.1784,1850.430594,12/30/1899,3/31/2023,0.0625,0.9,0.1215
Muthoot Finance,AAAA,,8/20/2020,FY20,1Q21,C,370.7342002,1,0,0.1345,1199.354822,BUY,1636.559956,1136.1,,NBFC,Nirmal,NSE:MUTHOOTFIN,BOM:533398,,45555.11113,1636.559956,12/30/1899,3/31/2023,0.0625,1.2,0.1345
HDFC,B,,9/20/2020,FY20,1Q21,S,844.6870236,1,0,0.1255,1896.722753,HOLD,2537.865035,1942.85,,NBFC,Nirmal,NSE:HDFC,BOM:500010,,348818.1189,2537.865035,12/30/1899,3/31/2023,0.0625,1,0.1255
Cholamandalam Investment & Finance Company Ltd.,B,,4/2/2020,FY19,3Q20,S,278.1941156,1,0,0.135,211.8753738,BUY,255,242.3,,NBFC,Pallavi,NSE:CHOLAFIN,BOM:511243,,19868.03327,255,12/30/1899,3/31/2022,0.0625,1.2,0.135
Bajaj Finserv,B,,,,,C,725.6783863,1,0,0,0,Not Rated,,5870.75,,NBFC,Nirmal,NSE:BAJAJFINSV,BOM:532978,,93301.8337,,,,,,
Axis Bank,B,,4/8/2020,FY20,4Q20,S,1651.093731,1,0,0.137,607.7235382,BUY,733.3045528,461.15,,Private Bank,Nirmal,NSE:AXISBANK,BOM:532215,,141134.3561,733.3045528,12/30/1899,3/31/2022,0.06,1.2,0.137
Bajaj Finance,B,,4/8/2020,FY20,4Q20,C,3399.608712,1,0,0.132,2150.691255,SELL,2578.434653,3273.2,,NBFC,Nirmal,NSE:BAJFINANCE,BOM:500034,,196642.7897,2578.434653,12/29/1899,3/31/2022,0.06,1.2,0.132
Bandhan Bank,B,,2/11/2020,FY20,4Q20,S,535.9390699,1,0,0.1395,627.084146,BUY,759.1011722,320.25,,Private Bank,Nirmal,NSE:BANDHANBNK,BOM:541153,,38205.825,759.1011722,12/30/1899,3/31/2022,0.0675,1.2,0.1395
Equitas Holdings,B,,,FY18,,C,91.75555886,1,0,0.1453,178.3709325,BUY,189.9347842,52.85,,Small Finance Bank,Nirmal,NSE:EQUITAS,BOM:539844,,1806.360098,189.9347842,1/13/1900,3/31/2021,0.0733,1.2,0.1453
Indusind Bank,B,,9/11/2018,FY20,4Q20,S,1358.676429,1,0,0.1515,558.5390887,HOLD,686.5680019,608.5,,Private Bank,Nirmal,NSE:INDUSINDBK,BOM:532187,,46071.32399,686.5680019,12/30/1899,3/31/2022,0.0625,1.4,0.1515
RBL Bank,B,,,FY18,,,620.7701479,1,0,0.1333,579.4302004,SELL,613.9931913,169.7,,Private Bank,Nirmal,NSE:RBLBANK,BOM:540065,,8643.173821,613.9931913,12/29/1899,3/31/2021,0.0733,1,0.1333
SBI Cards,B,,5/19/2020,FY20,4Q20,S,167.0141983,1,0,0.1345,795.06989,HOLD,956.2799303,755,,NBFC,Nirmal,NSE:SBICARD,BOM:543066,,,956.2799303,12/30/1899,3/31/2022,0.0625,1.2,0.1345
Shriram Transport Finance,B,,7/9/2020,FY21,4Q21,C,390.2338931,1,0,0.144,696.8067445,BUY,848.3799961,651.5,,NBFC,Nirmal,NSE:SRTRANSFIN,BOM:511218,,16480.7349,848.3799961,12/30/1899,3/31/2022,0.06,1.4,0.144
Aavas Financier,C,,9/25/2018,FY18,,S,7.721846257,3,0.04,0.1795,1249.429706,BUY,1348.680127,1491.2,,HFC,Nirmal,NSE:AAVAS,BOM:541988,,11561.6459,1348.680127,12/31/1899,3/31/2021,0.0675,1.2,0.1395
BSE,C,,,,,,15.05728706,2,0.02,0.02,0,Not Rated,,522.5,,Exchange,Anand,NSE:BSE,NSE:BSE,,2352.519153,,,,,,
City Union Bank Ltd.,C,,,,,S,28.56396915,2,0.02,0.02,0,Not Rated,,144.4,,Private Bank,Nirmal,NSE:CUB,BOM:532210,,10632.9744,,,,,,
DCB Bank Ltd.,C,,,FY18P,,,25.4147816,2,0.02,0.1593,220.6961496,BUY,236.3297022,76.15,,Private Bank,Nirmal,NSE:DCBBANK,BOM:532772,,2362.712189,236.3297022,1/9/1900,3/31/2021,0.0733,1.1,0.1393
Federal Bank,C,,,,,,190.838903,1,0,0.1333,86.01308787,BUY,91.14376552,52.55,,Private Bank,Nirmal,NSE:FEDERALBNK,BOM:500469,,10479.98854,91.14376552,1/1/1900,3/31/2021,0.0733,1,0.1333
IEX,C,,,,,,14.2093441,2,0.02,0.02,0,Not Rated,,195.7,,Exchange,Anand,NSE:IEX,BOM:540750,,5834.736699,,,,,,
Karur Vysya Bank Ltd.,C,,,FY18,,S,8.23311946,3,0.04,0.1733,92.5708098,BUY,99.68077674,30,,Private Bank,Nirmal,NSE:KARURVYSYA,BOM:590003,,2397.9621,99.68077674,0.7126382735,44286,0.0733,1,0.1333
MCX,C,,,,,,56.17081547,1,0,0,0,Not Rated,,1745,,Exchange,Anand,NSE:MCX,BOM:534091,,8924.713,,,,,,
Sundaram Finance Ltd.,C,,,,,,8.10824865,3,0.04,0.04,0,Not Rated,,1298.25,,NBFC,Nirmal,NSE:SUNDARMFIN,BOM:590071,,14308.06518,,,,,,
Ujjivan Small Finance Bank,C,,,FY19,1Q20,,8.027548444,3,0.04,0.177,48.92346477,HOLD,62.09607371,#REF!,,Small Finance Bank,Nirmal,#REF!,BOM:540611,,#REF!,62.09607371,0.1100503023,44651,0.065,1.2,0.137
AU Small Finance Bank,E,,,,,,47.71405115,2,0.02,0.02,0,Not Rated,,745,,Small Finance Bank,,NSE:AUBANK,BOM:500010,,22838.41215,,,,,,
Housing Developement Finance Corporation,E,,,,,,1125.313904,1,0,0,0,Not Rated,,,,,,NSE:HDFC,BOM:540530,,,,,,,,
HUDCO,E,,,,,,9.526344577,3,0.04,0.04,0,Not Rated,,32.4,,HFC,Nirmal,NSE:HUDCO,,,6476.14296,,,,,,
JM Financial Ltd.,E,,,,,,12.73276693,2,0.02,0.02,0,Not Rated,,77.15,,,,NSE:JMFINANCIL,BOM:523405,,7394.012517,,,,,,
Mas Financial Services,E,,,,,,1.319775779,5,0.08,0.08,0,Not Rated,,817.8,,NBFC,Nirmal,NSE:MASFIN,BOM:540749,,4454.955445,,,,,,
Max Financial Services Ltd.,E,,,,,,73.35830196,1,0,0,0,Not Rated,,585.65,,NBFC,,NSE:MFSL,BOM:500271,,15776.89043,,,,,,
Power Finance Corporation Ltd.,E,,,,,,73.74737305,1,0,0,0,Not Rated,,84.65,,NBFC,,NSE:PFC,BOM:532810,,22308.68445,,,,,,
PTC India Financial Services Ltd.,E,,,,,,2.315279931,5,0.08,0.08,0,Not Rated,,18.55,,NBFC,,NSE:PFS,BOM:533344,,1194.647335,,,,,,
Reliance Nippon Asset Management,E,,,,,,33.37291727,2,0.02,0.02,0,Not Rated,,269.05,,AMC,Nirmal,NSE:NAM-INDIA,BOM:540767,,16478.02569,,,,,,
Rural Electrification Corporation Ltd.,E,,,,,,95.26030222,1,0,0,0,Not Rated,,92.55,,NBFC,,NSE:RECLTD,BOM:532955,,18268.32479,,,,,,
Satin Creditcare Network Ltd.,E,,,,,,0.9719125537,5,0.08,0.08,0,Not Rated,,51.7,,MFI,,NSE:SATIN,BOM:539404,,305.9249315,,,,,,
Manappuram Finance,P,,,,,,176.5030127,1,0,0,0,Not Rated,,163.9,,NBFC,Anand,NSE:MANAPPURAM,BOM:531213,,13872.5676,,,,,,
PNB Housing Finance Ltd,P,,,,,,11.57074598,2,0.02,0.02,0,Not Rated,,363.65,,HFC,Nirmal,NSE:PNBHOUSING,BOM:540173,,6122.00316,,,,,,
Repco Home Finance Ltd.,P,,,,,,4.598019111,4,0.06,0.06,0,Not Rated,,197.35,,HFC,Nirmal,NSE:REPCOHOME,BOM:535322,,1236.938725,,,,,,
SBI Life,P,,,,,,127.7560414,1,0,0,0,Not Rated,,787,,Insurance,Nirmal,NSE:SBILIFE,BOM:540719,,78693.85825,,,,,,
Arman Financial Services,R,,,,,,0.9095031639,5,0.08,0.08,0,Not Rated,,536.6,,MFI,Nirmal,NSE:ARMANFIN,BOM:531179,,458.332182,,,,,,
Capital Trust Ltd.,R,,,,,,0.04251474913,5,0.08,0.08,0,Not Rated,,56.5,,NBFC,Nirmal,NSE:CAPTRUST,BOM:511505,,93.260037,,,,,,
Creditaccess Grameen,R,,,,,,6.610414673,3,0.04,0.1853,689.1301426,BUY,745.5636974,675,,MFI,Nirmal,NSE:CREDITACC,BOM:541770,,10490.6205,745.5636974,2.41848494,44286,0.0733,1.2,0.1453